{
    "ROC_AUC": 0.00011265677269301782,
    "PRECISION": 6.9149296329242e-05,
    "PRECISION_RECALL_MIN_DEN": 7.095048347087449e-05,
    "RECALL": 1.5924025836692193e-05,
    "MAP": 2.2492857119306273e-05,
    "MRR": 0.00010925726064410314,
    "NDCG": 1.8857817417302363e-05,
    "F1": 2.571676000796913e-05,
    "HIT_RATE": 0.0003457464816462103,
    "ARHR": 0.00010955021294414491,
    "RMSE": 0.9776374998029663,
    "NOVELTY": 0.00757174348321898,
    "DIVERSITY_MEAN_INTER_LIST": 0.20403904036714343,
    "DIVERSITY_HERFINDAHL": 0.8408075104731052,
    "COVERAGE_ITEM": 0.1336563165235264,
    "COVERAGE_USER": 1.0,
    "DIVERSITY_GINI": 0.01407698942642778,
    "SHANNON_ENTROPY": 3.2470139986575206
}