{
    "ROC_AUC": 0.0026543626073089114,
    "PRECISION": 0.0012154495975190617,
    "PRECISION_RECALL_MIN_DEN": 0.0012441724888141274,
    "RECALL": 0.00028913526132107154,
    "MAP": 0.0005192471365609453,
    "MRR": 0.002514209291044594,
    "NDCG": 0.00038624452449727173,
    "F1": 0.000466163588159604,
    "HIT_RATE": 0.006077247987595388,
    "ARHR": 0.002523992239080922,
    "RMSE": 0.9999850164820613,
    "NOVELTY": 0.005387028681153653,
    "DIVERSITY_MEAN_INTER_LIST": 0.9462028749744222,
    "DIVERSITY_HERFINDAHL": 0.9892391961054325,
    "COVERAGE_ITEM": 0.4081773471335242,
    "COVERAGE_USER": 1.0,
    "DIVERSITY_GINI": 0.07202204057782406,
    "SHANNON_ENTROPY": 8.255713885448568
}