{
    "ROC_AUC": 0.0026543705786769086,
    "PRECISION": 0.0012139874479430918,
    "PRECISION_RECALL_MIN_DEN": 0.0012427103392381575,
    "RECALL": 0.0002888509183697748,
    "MAP": 0.0005189997578736187,
    "MRR": 0.0025129723976079613,
    "NDCG": 0.00038614582220954053,
    "F1": 0.0004656839000580469,
    "HIT_RATE": 0.006069937239715538,
    "ARHR": 0.002522755345644288,
    "RMSE": 0.9999925078373872,
    "NOVELTY": 0.005387644631050125,
    "DIVERSITY_MEAN_INTER_LIST": 0.9462029729421628,
    "DIVERSITY_HERFINDAHL": 0.9892392156987334,
    "COVERAGE_ITEM": 0.4081333039712251,
    "COVERAGE_USER": 1.0,
    "DIVERSITY_GINI": 0.07201741185065558,
    "SHANNON_ENTROPY": 8.255749650931502
}