{
    "ROC_AUC": 0.0015159378618970934,
    "PRECISION": 0.0006428146178282906,
    "PRECISION_RECALL_MIN_DEN": 0.0006834560957952115,
    "RECALL": 0.00025101907561555874,
    "MAP": 0.00029655535436022557,
    "MRR": 0.0013783759090089398,
    "NDCG": 0.00029370694084690177,
    "F1": 0.00035843629879524783,
    "HIT_RATE": 0.0032140730891414364,
    "ARHR": 0.0013902097860728092,
    "RMSE": 1.529016960592345,
    "NOVELTY": 0.006502392018378515,
    "DIVERSITY_MEAN_INTER_LIST": 0.9350860835515288,
    "DIVERSITY_HERFINDAHL": 0.9870158540279146,
    "COVERAGE_ITEM": 0.6721573808999486,
    "COVERAGE_USER": 1.0,
    "DIVERSITY_GINI": 0.09703053091262684,
    "SHANNON_ENTROPY": 9.085481418899718
}