{
    "ROC_AUC": 0.002301421577921328,
    "PRECISION": 0.0008975582524697528,
    "PRECISION_RECALL_MIN_DEN": 0.0009248979232349107,
    "RECALL": 0.0002380633655501379,
    "MAP": 0.00043502608310335013,
    "MRR": 0.0020971106402330407,
    "NDCG": 0.00033414880052893615,
    "F1": 0.00037500201470116676,
    "HIT_RATE": 0.0044877912623487795,
    "ARHR": 0.0021055580734092713,
    "RMSE": 0.9424687068217125,
    "NOVELTY": 0.005435219572277852,
    "DIVERSITY_MEAN_INTER_LIST": 0.9884841239761251,
    "DIVERSITY_HERFINDAHL": 0.9976953842907659,
    "COVERAGE_ITEM": 0.5817514497540924,
    "COVERAGE_USER": 1.0,
    "DIVERSITY_GINI": 0.15983652449721603,
    "SHANNON_ENTROPY": 10.308524647090476
}