{
    "ROC_AUC": 6.018900011985787e-05,
    "PRECISION": 4.26264168701453e-05,
    "PRECISION_RECALL_MIN_DEN": 4.344998831220232e-05,
    "RECALL": 7.964567816694102e-06,
    "MAP": 1.2835758343797709e-05,
    "MRR": 6.301621408360575e-05,
    "NDCG": 9.555552254454094e-06,
    "F1": 1.3169016409304561e-05,
    "HIT_RATE": 0.00021313208435072656,
    "ARHR": 6.301621408360575e-05,
    "RMSE": 0.9660708142267016,
    "NOVELTY": 0.007672148597545179,
    "DIVERSITY_MEAN_INTER_LIST": 0.15882205877943262,
    "DIVERSITY_HERFINDAHL": 0.8317641800066824,
    "COVERAGE_ITEM": 0.12414299346693092,
    "COVERAGE_USER": 1.0,
    "DIVERSITY_GINI": 0.010016449982226658,
    "SHANNON_ENTROPY": 2.984317885296689
}