{
    "ROC_AUC": 0.0033703134603447218,
    "PRECISION": 0.001319977669918436,
    "PRECISION_RECALL_MIN_DEN": 0.0013549944149417108,
    "RECALL": 0.00036870970287054497,
    "MAP": 0.0006383153900364192,
    "MRR": 0.00307614069949177,
    "NDCG": 0.0005141186211823471,
    "F1": 0.0005744247469917264,
    "HIT_RATE": 0.006599888349592242,
    "ARHR": 0.003094612323471598,
    "RMSE": NaN,
    "NOVELTY": 0.005332647303815289,
    "DIVERSITY_MEAN_INTER_LIST": 0.9973839300720038,
    "DIVERSITY_HERFINDAHL": 0.9994753325456438,
    "COVERAGE_ITEM": 0.9631505542097922,
    "COVERAGE_USER": 1.0,
    "DIVERSITY_GINI": 0.32268194097927205,
    "SHANNON_ENTROPY": 12.251513236695875
}