{
    "ROC_AUC": 0.0027855635711438046,
    "PRECISION": 0.00113369027906725,
    "PRECISION_RECALL_MIN_DEN": 0.0011754458057928103,
    "RECALL": 0.00033673572532260933,
    "MAP": 0.0005362166168539103,
    "MRR": 0.002558777912946699,
    "NDCG": 0.000447127809027805,
    "F1": 0.0005181576172258106,
    "HIT_RATE": 0.00566845139533626,
    "ARHR": 0.002569048285262526,
    "RMSE": 1.0367837058001803,
    "NOVELTY": 0.005357069886862339,
    "DIVERSITY_MEAN_INTER_LIST": 0.9935601132783731,
    "DIVERSITY_HERFINDAHL": 0.9987105747571741,
    "COVERAGE_ITEM": 0.8820964545254351,
    "COVERAGE_USER": 1.0,
    "DIVERSITY_GINI": 0.21147487027786224,
    "SHANNON_ENTROPY": 11.320635927747963
}