{
    "ROC_AUC": 0.0027524450934519012,
    "PRECISION": 0.001137997717602608,
    "PRECISION_RECALL_MIN_DEN": 0.0011717677072555677,
    "RECALL": 0.00031663990350843903,
    "MAP": 0.0005292346258370543,
    "MRR": 0.0025403098677415385,
    "NDCG": 0.00042823337825166846,
    "F1": 0.0004940242934714508,
    "HIT_RATE": 0.005689988588013053,
    "ARHR": 0.0025520373837895375,
    "RMSE": NaN,
    "NOVELTY": 0.005325519158421608,
    "DIVERSITY_MEAN_INTER_LIST": 0.996917487002143,
    "DIVERSITY_HERFINDAHL": 0.9993820446108336,
    "COVERAGE_ITEM": 0.9538721280187918,
    "COVERAGE_USER": 1.0,
    "DIVERSITY_GINI": 0.28979408125273015,
    "SHANNON_ENTROPY": 12.049773216911731
}