{
    "ROC_AUC": 0.0022827573742719835,
    "PRECISION": 0.0008891359783668488,
    "PRECISION_RECALL_MIN_DEN": 0.0009150887190388674,
    "RECALL": 0.00023430938955698667,
    "MAP": 0.00042932849118603323,
    "MRR": 0.0020684348174656387,
    "NDCG": 0.00033055573766483894,
    "F1": 0.00036960658350947037,
    "HIT_RATE": 0.0044456798918342585,
    "ARHR": 0.002077443266710734,
    "RMSE": 0.9917307785948557,
    "NOVELTY": 0.005431138928520613,
    "DIVERSITY_MEAN_INTER_LIST": 0.9871931778781571,
    "DIVERSITY_HERFINDAHL": 0.9974371969508418,
    "COVERAGE_ITEM": 0.5751890185715334,
    "COVERAGE_USER": 1.0,
    "DIVERSITY_GINI": 0.1523352522665636,
    "SHANNON_ENTROPY": 10.190517980243978
}