{
    "ROC_AUC": 0.00360912565237386,
    "PRECISION": 0.0015168237381279856,
    "PRECISION_RECALL_MIN_DEN": 0.00162061195463064,
    "RECALL": 0.0006369359250590301,
    "MAP": 0.0006520993689637761,
    "MRR": 0.0030192423906470786,
    "NDCG": 0.0007027754467874706,
    "F1": 0.0008863870716325957,
    "HIT_RATE": 0.007584118690640097,
    "ARHR": 0.0030428363749149096,
    "RMSE": 1.021835294838143,
    "NOVELTY": 0.006424658124192346,
    "DIVERSITY_MEAN_INTER_LIST": 0.8818257396488154,
    "DIVERSITY_HERFINDAHL": 0.976363862829413,
    "COVERAGE_ITEM": 0.6585333626954414,
    "COVERAGE_USER": 1.0,
    "DIVERSITY_GINI": 0.11713066500960365,
    "SHANNON_ENTROPY": 8.721250818483682
}