{
    "ROC_AUC": 0.0027840841263470388,
    "PRECISION": 0.001198893921512104,
    "PRECISION_RECALL_MIN_DEN": 0.0012314073875943255,
    "RECALL": 0.00031448870388179766,
    "MAP": 0.000528261986341971,
    "MRR": 0.0025519782194427408,
    "NDCG": 0.0004199934897331461,
    "F1": 0.000498085396513103,
    "HIT_RATE": 0.005994469607560556,
    "ARHR": 0.0025630356508720958,
    "RMSE": 1.0291902680299887,
    "NOVELTY": 0.005274537091584994,
    "DIVERSITY_MEAN_INTER_LIST": 0.9935506056984649,
    "DIVERSITY_HERFINDAHL": 0.9987086732577257,
    "COVERAGE_ITEM": 0.8873375908390223,
    "COVERAGE_USER": 1.0,
    "DIVERSITY_GINI": 0.21157098511922734,
    "SHANNON_ENTROPY": 11.326743451312096
}