{
    "ROC_AUC": 0.0015931267724969174,
    "PRECISION": 0.000796442195712597,
    "PRECISION_RECALL_MIN_DEN": 0.0008199910513122969,
    "RECALL": 0.0002027487315397417,
    "MAP": 0.00031402334637127836,
    "MRR": 0.0015013915086282705,
    "NDCG": 0.0002589927526575216,
    "F1": 0.00032301912906528756,
    "HIT_RATE": 0.003982210978562985,
    "ARHR": 0.0015079147337430797,
    "RMSE": 0.9994494232166569,
    "NOVELTY": 0.005341153035757785,
    "DIVERSITY_MEAN_INTER_LIST": 0.9296052017008248,
    "DIVERSITY_HERFINDAHL": 0.9859196856316614,
    "COVERAGE_ITEM": 0.3829406151361668,
    "COVERAGE_USER": 1.0,
    "DIVERSITY_GINI": 0.0752464614614774,
    "SHANNON_ENTROPY": 8.180086590010305
}