{
    "ROC_AUC": 0.002279998994745361,
    "PRECISION": 0.0008900159254815292,
    "PRECISION_RECALL_MIN_DEN": 0.0009160412999268,
    "RECALL": 0.00023481904905506078,
    "MAP": 0.0004287566027938197,
    "MRR": 0.002066566929644037,
    "NDCG": 0.000331074688364756,
    "F1": 0.00037037581581927535,
    "HIT_RATE": 0.004450079627407661,
    "ARHR": 0.002074703190592306,
    "RMSE": 0.9957832356509744,
    "NOVELTY": 0.00543094629658651,
    "DIVERSITY_MEAN_INTER_LIST": 0.9871948273930535,
    "DIVERSITY_HERFINDAHL": 0.9974375268514123,
    "COVERAGE_ITEM": 0.5751743375174339,
    "COVERAGE_USER": 1.0,
    "DIVERSITY_GINI": 0.15232966458105823,
    "SHANNON_ENTROPY": 10.190509331194338
}