{
    "ROC_AUC": 0.0016123092444743272,
    "PRECISION": 0.000836598126322894,
    "PRECISION_RECALL_MIN_DEN": 0.000863370768309239,
    "RECALL": 0.00023333889187440848,
    "MAP": 0.00031868742219129885,
    "MRR": 0.001526435428979224,
    "NDCG": 0.00028497028467301336,
    "F1": 0.0003642694053865891,
    "HIT_RATE": 0.004182990631614465,
    "ARHR": 0.0015309819653104503,
    "RMSE": 0.9999523850449252,
    "NOVELTY": 0.005447390508261622,
    "DIVERSITY_MEAN_INTER_LIST": 0.9232822950234176,
    "DIVERSITY_HERFINDAHL": 0.9846551135229085,
    "COVERAGE_ITEM": 0.3262570652572855,
    "COVERAGE_USER": 1.0,
    "DIVERSITY_GINI": 0.07188319584952543,
    "SHANNON_ENTROPY": 7.95309882073947
}