{
    "ROC_AUC": 0.0016134120408807964,
    "PRECISION": 0.0008374681889215876,
    "PRECISION_RECALL_MIN_DEN": 0.0008643140689829429,
    "RECALL": 0.00023377378333169617,
    "MAP": 0.00031947949350156753,
    "MRR": 0.0015293500684671417,
    "NDCG": 0.00028574549431473125,
    "F1": 0.00036485415433642023,
    "HIT_RATE": 0.004187340944607934,
    "ARHR": 0.001533896604798368,
    "RMSE": 0.9999047762526544,
    "NOVELTY": 0.005447328385397994,
    "DIVERSITY_MEAN_INTER_LIST": 0.9233007922126248,
    "DIVERSITY_HERFINDAHL": 0.9846588129338247,
    "COVERAGE_ITEM": 0.3262570652572855,
    "COVERAGE_USER": 1.0,
    "DIVERSITY_GINI": 0.07189506684508279,
    "SHANNON_ENTROPY": 7.953458577750451
}