{
    "ROC_AUC": 0.0023687341739655845,
    "PRECISION": 0.0010150534265210471,
    "PRECISION_RECALL_MIN_DEN": 0.0010397202512629226,
    "RECALL": 0.00025811784601544995,
    "MAP": 0.00045799161040538784,
    "MRR": 0.0022067808231098257,
    "NDCG": 0.00035259383707907544,
    "F1": 0.000411331997768664,
    "HIT_RATE": 0.005075267132605238,
    "ARHR": 0.00222223787537691,
    "RMSE": 0.8679067359278875,
    "NOVELTY": 0.005243113531446932,
    "DIVERSITY_MEAN_INTER_LIST": 0.9873110972714801,
    "DIVERSITY_HERFINDAHL": 0.9974607806763928,
    "COVERAGE_ITEM": 0.5354474051236879,
    "COVERAGE_USER": 1.0,
    "DIVERSITY_GINI": 0.14534778177027868,
    "SHANNON_ENTROPY": 10.121206705585724
}