{
    "ROC_AUC": 7.406637131218067e-05,
    "PRECISION": 4.4686944926373894e-05,
    "PRECISION_RECALL_MIN_DEN": 4.4954953110212394e-05,
    "RECALL": 6.403664307235436e-06,
    "MAP": 1.4965233753669587e-05,
    "MRR": 7.446086410085099e-05,
    "NDCG": 8.782825342036575e-06,
    "F1": 1.0970052695896715e-05,
    "HIT_RATE": 0.00022343472463186965,
    "ARHR": 7.446086410085099e-05,
    "RMSE": 0.9684617595509872,
    "NOVELTY": 0.007597499439350676,
    "DIVERSITY_MEAN_INTER_LIST": 0.19432202222776934,
    "DIVERSITY_HERFINDAHL": 0.8388641209992717,
    "COVERAGE_ITEM": 0.08382881890919769,
    "COVERAGE_USER": 1.0,
    "DIVERSITY_GINI": 0.014422735414080474,
    "SHANNON_ENTROPY": 3.186736876880822
}