{
    "ROC_AUC": 0.36429217842538314,
    "PRECISION": 0.23701992158469845,
    "PRECISION_RECALL_MIN_DEN": 0.23945073036201148,
    "RECALL": 0.07904996649199007,
    "MAP": 0.15621639721866548,
    "MRR": 0.41652237537880743,
    "NDCG": 0.11893254561497273,
    "F1": 0.11855869582020089,
    "HIT_RATE": 1.185099607922422,
    "ARHR": 0.5706783014302277,
    "RMSE": 3.489734303015649,
    "NOVELTY": 0.00178778491471705,
    "DIVERSITY_MEAN_INTER_LIST": 0.9400838887843841,
    "DIVERSITY_HERFINDAHL": 0.9880154201664011,
    "COVERAGE_ITEM": 0.16551799985336169,
    "COVERAGE_USER": 1.0,
    "DIVERSITY_GINI": 0.04541862319217408,
    "SHANNON_ENTROPY": 7.458321390469022
}