{
    "ROC_AUC": 0.005938997566054643,
    "PRECISION": 0.003103829618942189,
    "PRECISION_RECALL_MIN_DEN": 0.0032147853025830037,
    "RECALL": 0.0008297023586782257,
    "MAP": 0.0012302430120704373,
    "MRR": 0.005538263232289247,
    "NDCG": 0.000991077010376108,
    "F1": 0.0013093854431200376,
    "HIT_RATE": 0.015519148094711478,
    "ARHR": 0.005753216982444889,
    "RMSE": 0.9999483381817624,
    "NOVELTY": 0.0043636783536005475,
    "DIVERSITY_MEAN_INTER_LIST": 0.8822033589581597,
    "DIVERSITY_HERFINDAHL": 0.9764393795741164,
    "COVERAGE_ITEM": 0.39337884460104233,
    "COVERAGE_USER": 1.0,
    "DIVERSITY_GINI": 0.06503254612605015,
    "SHANNON_ENTROPY": 7.4979640412043285
}