{
    "ROC_AUC": 0.02269970323409847,
    "PRECISION": 0.01120634255883103,
    "PRECISION_RECALL_MIN_DEN": 0.011243889582868323,
    "RECALL": 0.001995582470981745,
    "MAP": 0.005064876925187703,
    "MRR": 0.021791594761708645,
    "NDCG": 0.0026369762563737474,
    "F1": 0.003387866651828285,
    "HIT_RATE": 0.05603171279414844,
    "ARHR": 0.023419474871172612,
    "RMSE": 3.484170724723755,
    "NOVELTY": 0.0028122382537935607,
    "DIVERSITY_MEAN_INTER_LIST": 0.9761945329184659,
    "DIVERSITY_HERFINDAHL": 0.9952374968452473,
    "COVERAGE_ITEM": 0.330632744336095,
    "COVERAGE_USER": 1.0,
    "DIVERSITY_GINI": 0.0944173479803017,
    "SHANNON_ENTROPY": 9.498021569972689
}