{
    "ROC_AUC": 0.0005865177190089848,
    "PRECISION": 0.00031232522498311316,
    "PRECISION_RECALL_MIN_DEN": 0.0003176517016882514,
    "RECALL": 7.954683133820184e-05,
    "MAP": 0.00011369203118732797,
    "MRR": 0.000559158997750775,
    "NDCG": 9.539800522963434e-05,
    "F1": 0.00012679894671553945,
    "HIT_RATE": 0.0015616261249155633,
    "ARHR": 0.000559158997750775,
    "RMSE": 0.9998754424126317,
    "NOVELTY": 0.005756509062683918,
    "DIVERSITY_MEAN_INTER_LIST": 0.9304599048611356,
    "DIVERSITY_HERFINDAHL": 0.9860906293159521,
    "COVERAGE_ITEM": 0.16017030022755635,
    "COVERAGE_USER": 1.0,
    "DIVERSITY_GINI": 0.07444151374359921,
    "SHANNON_ENTROPY": 7.419080627630496
}