{
    "ROC_AUC": 0.0032856867026759854,
    "PRECISION": 0.0012751654987513694,
    "PRECISION_RECALL_MIN_DEN": 0.0013205234961631341,
    "RECALL": 0.0003706790465782205,
    "MAP": 0.0006271063146968428,
    "MRR": 0.0030032078295298232,
    "NDCG": 0.0005069621343265464,
    "F1": 0.0005725653513787128,
    "HIT_RATE": 0.006375827493756897,
    "ARHR": 0.0030170575371525604,
    "RMSE": NaN,
    "NOVELTY": 0.005305068045709004,
    "DIVERSITY_MEAN_INTER_LIST": 0.9969500695538299,
    "DIVERSITY_HERFINDAHL": 0.9993885610734102,
    "COVERAGE_ITEM": 0.9508771929824562,
    "COVERAGE_USER": 1.0,
    "DIVERSITY_GINI": 0.2932052606652924,
    "SHANNON_ENTROPY": 12.072256424420658
}