{
    "ROC_AUC": 0.0026324578163510986,
    "PRECISION": 0.0012157465794488123,
    "PRECISION_RECALL_MIN_DEN": 0.001244469470743878,
    "RECALL": 0.00028950733048566346,
    "MAP": 0.0005169150980641414,
    "MRR": 0.0025034097060972786,
    "NDCG": 0.0003854253891122356,
    "F1": 0.0004666381244650025,
    "HIT_RATE": 0.006078732897244142,
    "ARHR": 0.002512829485267346,
    "RMSE": 0.9998502990320146,
    "NOVELTY": 0.005386560464741308,
    "DIVERSITY_MEAN_INTER_LIST": 0.9463923501369657,
    "DIVERSITY_HERFINDAHL": 0.9892770908624657,
    "COVERAGE_ITEM": 0.40854437348601635,
    "COVERAGE_USER": 1.0,
    "DIVERSITY_GINI": 0.07218408320669262,
    "SHANNON_ENTROPY": 8.26094077187272
}