{
    "ROC_AUC": 0.0015295195331050068,
    "PRECISION": 0.0006443509135633963,
    "PRECISION_RECALL_MIN_DEN": 0.0006824390849593899,
    "RECALL": 0.00023497392467578988,
    "MAP": 0.0003014756494508747,
    "MRR": 0.0014079865392704072,
    "NDCG": 0.000288219155152547,
    "F1": 0.0003411010968043103,
    "HIT_RATE": 0.003221754567816956,
    "ARHR": 0.0014171381238798444,
    "RMSE": 2.2539137003829546,
    "NOVELTY": 0.006587920254596214,
    "DIVERSITY_MEAN_INTER_LIST": 0.9366368380681294,
    "DIVERSITY_HERFINDAHL": 0.9873260026677592,
    "COVERAGE_ITEM": 0.695441532702048,
    "COVERAGE_USER": 1.0,
    "DIVERSITY_GINI": 0.1051364262902291,
    "SHANNON_ENTROPY": 9.207737149728885
}