{
    "ROC_AUC": 0.003020108998264063,
    "PRECISION": 0.001217197290581362,
    "PRECISION_RECALL_MIN_DEN": 0.0012616466221040804,
    "RECALL": 0.00035259762208325824,
    "MAP": 0.0005801689268769179,
    "MRR": 0.0027781845913289215,
    "NDCG": 0.0004705383212049675,
    "F1": 0.0005435890103849544,
    "HIT_RATE": 0.006085986452906847,
    "ARHR": 0.002792626633880797,
    "RMSE": NaN,
    "NOVELTY": 0.005290810420010193,
    "DIVERSITY_MEAN_INTER_LIST": 0.9967882523496472,
    "DIVERSITY_HERFINDAHL": 0.9993561978682803,
    "COVERAGE_ITEM": 0.9519342288776335,
    "COVERAGE_USER": 1.0,
    "DIVERSITY_GINI": 0.2908464913313029,
    "SHANNON_ENTROPY": 12.045526085905795
}