{
    "ROC_AUC": 0.00020933670523403717,
    "PRECISION": 9.483382337703935e-05,
    "PRECISION_RECALL_MIN_DEN": 9.675646103288439e-05,
    "RECALL": 2.0315870085625416e-05,
    "MAP": 3.844372496212753e-05,
    "MRR": 0.00018670385828038717,
    "NDCG": 2.722586522617612e-05,
    "F1": 3.3334455455415024e-05,
    "HIT_RATE": 0.00047416911688519736,
    "ARHR": 0.0001873599422054813,
    "RMSE": 0.9667658965634592,
    "NOVELTY": 0.007615580116706907,
    "DIVERSITY_MEAN_INTER_LIST": 0.19036019342940808,
    "DIVERSITY_HERFINDAHL": 0.838071760999323,
    "COVERAGE_ITEM": 0.29290171034280255,
    "COVERAGE_USER": 1.0,
    "DIVERSITY_GINI": 0.014427091272609174,
    "SHANNON_ENTROPY": 3.2504414865107756
}