{
    "ROC_AUC": 0.003242203195418672,
    "PRECISION": 0.001283945294972666,
    "PRECISION_RECALL_MIN_DEN": 0.0013288067518129204,
    "RECALL": 0.00038381569736596806,
    "MAP": 0.0006198658685184295,
    "MRR": 0.002969064913254266,
    "NDCG": 0.0005190314752789897,
    "F1": 0.000587821820237276,
    "HIT_RATE": 0.006419726474863383,
    "ARHR": 0.0029841481254720427,
    "RMSE": NaN,
    "NOVELTY": 0.0053266525441231114,
    "DIVERSITY_MEAN_INTER_LIST": 0.9974073966018363,
    "DIVERSITY_HERFINDAHL": 0.9994800258176036,
    "COVERAGE_ITEM": 0.963855244806577,
    "COVERAGE_USER": 1.0,
    "DIVERSITY_GINI": 0.32201805677043593,
    "SHANNON_ENTROPY": 12.247810756213145
}