{
    "ROC_AUC": 0.0015828259761718317,
    "PRECISION": 0.0007947135217014949,
    "PRECISION_RECALL_MIN_DEN": 0.0008197246487171439,
    "RECALL": 0.0002048294233325663,
    "MAP": 0.0003130770863813691,
    "MRR": 0.0014946305762372145,
    "NDCG": 0.0002593411415702021,
    "F1": 0.00032539037293826404,
    "HIT_RATE": 0.003973567608507475,
    "ARHR": 0.001500911445850433,
    "RMSE": 0.9999724506477505,
    "NOVELTY": 0.005342512257900853,
    "DIVERSITY_MEAN_INTER_LIST": 0.9294377059858657,
    "DIVERSITY_HERFINDAHL": 0.9858861867325714,
    "COVERAGE_ITEM": 0.38252954562137564,
    "COVERAGE_USER": 1.0,
    "DIVERSITY_GINI": 0.07517421451349618,
    "SHANNON_ENTROPY": 8.17675673028775
}