{
    "ROC_AUC": 0.0016580511066886365,
    "PRECISION": 0.0007264117205085614,
    "PRECISION_RECALL_MIN_DEN": 0.0007527742942280128,
    "RECALL": 0.00020695725523934712,
    "MAP": 0.0003214511571863174,
    "MRR": 0.0015292599273105648,
    "NDCG": 0.00026718542841665434,
    "F1": 0.00032073264291377994,
    "HIT_RATE": 0.0036320586025427744,
    "ARHR": 0.00153745056045917,
    "RMSE": 0.9016870356155376,
    "NOVELTY": 0.005359065300436626,
    "DIVERSITY_MEAN_INTER_LIST": 0.9809595336061238,
    "DIVERSITY_HERFINDAHL": 0.9961904772093328,
    "COVERAGE_ITEM": 0.4572854730969683,
    "COVERAGE_USER": 1.0,
    "DIVERSITY_GINI": 0.11693596932210651,
    "SHANNON_ENTROPY": 9.579528893994228
}