{
    "ROC_AUC": 0.0015892487312655884,
    "PRECISION": 0.0007938372429652756,
    "PRECISION_RECALL_MIN_DEN": 0.0008187757362076728,
    "RECALL": 0.00020434193300143018,
    "MAP": 0.00031385676746748464,
    "MRR": 0.0014988615630270288,
    "NDCG": 0.0002598157139454526,
    "F1": 0.00032470426039352563,
    "HIT_RATE": 0.0039691862148263785,
    "ARHR": 0.001504851606038338,
    "RMSE": 0.9999449038344721,
    "NOVELTY": 0.0053423959060566505,
    "DIVERSITY_MEAN_INTER_LIST": 0.929448655018797,
    "DIVERSITY_HERFINDAHL": 0.9858883765232148,
    "COVERAGE_ITEM": 0.38264699405417313,
    "COVERAGE_USER": 1.0,
    "DIVERSITY_GINI": 0.07516851829465847,
    "SHANNON_ENTROPY": 8.17704134362219
}