{
    "ROC_AUC": 0.0016111113840022988,
    "PRECISION": 0.0008348375871781753,
    "PRECISION_RECALL_MIN_DEN": 0.0008612966972571551,
    "RECALL": 0.00023206354401574485,
    "MAP": 0.0003181924194375846,
    "MRR": 0.001524781755742086,
    "NDCG": 0.0002840675872127532,
    "F1": 0.00036257901654222644,
    "HIT_RATE": 0.004174187935890871,
    "ARHR": 0.0015287449993974674,
    "RMSE": 0.9990483881384904,
    "NOVELTY": 0.005447673095241757,
    "DIVERSITY_MEAN_INTER_LIST": 0.9231186215766088,
    "DIVERSITY_HERFINDAHL": 0.9846223790720975,
    "COVERAGE_ITEM": 0.3264626000146811,
    "COVERAGE_USER": 1.0,
    "DIVERSITY_GINI": 0.07197289364288173,
    "SHANNON_ENTROPY": 7.954979135377711
}