{
    "ROC_AUC": 0.002351160529516197,
    "PRECISION": 0.0010051352748174348,
    "PRECISION_RECALL_MIN_DEN": 0.0010282277424634874,
    "RECALL": 0.0002513894762298621,
    "MAP": 0.0004527542452800404,
    "MRR": 0.0021805299052298447,
    "NDCG": 0.00034710921481662045,
    "F1": 0.0004018135960735081,
    "HIT_RATE": 0.005025676374087175,
    "ARHR": 0.0021956152631290556,
    "RMSE": 0.9810768844411746,
    "NOVELTY": 0.005267917061910042,
    "DIVERSITY_MEAN_INTER_LIST": 0.9849926134178079,
    "DIVERSITY_HERFINDAHL": 0.996997087284549,
    "COVERAGE_ITEM": 0.5182999339352564,
    "COVERAGE_USER": 1.0,
    "DIVERSITY_GINI": 0.13547558649545913,
    "SHANNON_ENTROPY": 9.922889500872106
}