{
    "ROC_AUC": 0.0017193748194078262,
    "PRECISION": 0.0007552768814167052,
    "PRECISION_RECALL_MIN_DEN": 0.0007820123785374172,
    "RECALL": 0.00021152245608454831,
    "MAP": 0.0003386169646144323,
    "MRR": 0.001611013038262002,
    "NDCG": 0.0002778748888577735,
    "F1": 0.00032906650963835185,
    "HIT_RATE": 0.003776384407083497,
    "ARHR": 0.001619618943615327,
    "RMSE": 0.967992483142879,
    "NOVELTY": 0.005343543319673387,
    "DIVERSITY_MEAN_INTER_LIST": 0.975275569147998,
    "DIVERSITY_HERFINDAHL": 0.9950536926042348,
    "COVERAGE_ITEM": 0.4338691918079718,
    "COVERAGE_USER": 1.0,
    "DIVERSITY_GINI": 0.10856370638552608,
    "SHANNON_ENTROPY": 9.323468706409738
}