{
    "ROC_AUC": 0.0023329352575542075,
    "PRECISION": 0.0010030955245635723,
    "PRECISION_RECALL_MIN_DEN": 0.0010245076463241231,
    "RECALL": 0.00024915663059431656,
    "MAP": 0.0004482387186605081,
    "MRR": 0.002165317199528463,
    "NDCG": 0.0003438212846203125,
    "F1": 0.00039887548556501575,
    "HIT_RATE": 0.005015477622817864,
    "ARHR": 0.002180477596487003,
    "RMSE": 0.9634625370868726,
    "NOVELTY": 0.00526732566562124,
    "DIVERSITY_MEAN_INTER_LIST": 0.984983669915834,
    "DIVERSITY_HERFINDAHL": 0.9969952985972619,
    "COVERAGE_ITEM": 0.5181384423401599,
    "COVERAGE_USER": 1.0,
    "DIVERSITY_GINI": 0.1355113714525935,
    "SHANNON_ENTROPY": 9.922652758390544
}