{
    "ROC_AUC": 0.0031743082134029392,
    "PRECISION": 0.0012637173828198892,
    "PRECISION_RECALL_MIN_DEN": 0.0013102913502296167,
    "RECALL": 0.0003811097570624875,
    "MAP": 0.0006068403450850427,
    "MRR": 0.002906435073334849,
    "NDCG": 0.0005120805786493712,
    "F1": 0.0005835044193353708,
    "HIT_RATE": 0.006318586914099494,
    "ARHR": 0.0029202743678765825,
    "RMSE": NaN,
    "NOVELTY": 0.005327511718580978,
    "DIVERSITY_MEAN_INTER_LIST": 0.9973649070512611,
    "DIVERSITY_HERFINDAHL": 0.999471527969931,
    "COVERAGE_ITEM": 0.9639580121852749,
    "COVERAGE_USER": 1.0,
    "DIVERSITY_GINI": 0.32111844070620255,
    "SHANNON_ENTROPY": 12.240452761506809
}