{
    "ROC_AUC": 0.0027304275193958272,
    "PRECISION": 0.0011381075271956447,
    "PRECISION_RECALL_MIN_DEN": 0.0011725286033202776,
    "RECALL": 0.00031194394580993153,
    "MAP": 0.000525566431748797,
    "MRR": 0.0025211610335010336,
    "NDCG": 0.00042148724013386555,
    "F1": 0.0004893246841719869,
    "HIT_RATE": 0.005690537635978235,
    "ARHR": 0.002532433288812116,
    "RMSE": 1.0318431905391774,
    "NOVELTY": 0.00533240594067317,
    "DIVERSITY_MEAN_INTER_LIST": 0.993461449691859,
    "DIVERSITY_HERFINDAHL": 0.9986908421861793,
    "COVERAGE_ITEM": 0.887029288702929,
    "COVERAGE_USER": 1.0,
    "DIVERSITY_GINI": 0.21064400157329236,
    "SHANNON_ENTROPY": 11.317932516086534
}