{
    "ROC_AUC": 0.0016977264563002332,
    "PRECISION": 0.0007494394477351045,
    "PRECISION_RECALL_MIN_DEN": 0.0007776365291809028,
    "RECALL": 0.0002130696577810339,
    "MAP": 0.00033522033466826815,
    "MRR": 0.001593493288584651,
    "NDCG": 0.00027648954138216375,
    "F1": 0.00033030788076686814,
    "HIT_RATE": 0.003747197238675494,
    "ARHR": 0.0016021722328996499,
    "RMSE": 0.9398248768974486,
    "NOVELTY": 0.0053444512229924605,
    "DIVERSITY_MEAN_INTER_LIST": 0.9753057708179323,
    "DIVERSITY_HERFINDAHL": 0.9950597328942324,
    "COVERAGE_ITEM": 0.43414813183586587,
    "COVERAGE_USER": 1.0,
    "DIVERSITY_GINI": 0.10849756778237725,
    "SHANNON_ENTROPY": 9.324084657049069
}