{
    "ROC_AUC": 0.002957696534616214,
    "PRECISION": 0.0012248640832355565,
    "PRECISION_RECALL_MIN_DEN": 0.0012611213028572194,
    "RECALL": 0.0003429797077735404,
    "MAP": 0.0005700468741288661,
    "MRR": 0.0027384181049473592,
    "NDCG": 0.0004610799809997209,
    "F1": 0.0005350663597197818,
    "HIT_RATE": 0.006124320416177819,
    "ARHR": 0.0027552863000648285,
    "RMSE": 1.0095085136903998,
    "NOVELTY": 0.004916230270983958,
    "DIVERSITY_MEAN_INTER_LIST": 0.9930575970794239,
    "DIVERSITY_HERFINDAHL": 0.9986100722560558,
    "COVERAGE_ITEM": 0.8841811642075902,
    "COVERAGE_USER": 1.0,
    "DIVERSITY_GINI": 0.19985554446096312,
    "SHANNON_ENTROPY": 11.22837633709451
}