{
    "ROC_AUC": 0.0029729502768145776,
    "PRECISION": 0.0012358285565942425,
    "PRECISION_RECALL_MIN_DEN": 0.0012736497008566936,
    "RECALL": 0.00034418495182755073,
    "MAP": 0.0005719693007711706,
    "MRR": 0.0027504750494493774,
    "NDCG": 0.0004615031176742822,
    "F1": 0.0005377757623222139,
    "HIT_RATE": 0.006179142782971252,
    "ARHR": 0.0027665562503553054,
    "RMSE": 1.01175702275505,
    "NOVELTY": 0.004925380594376898,
    "DIVERSITY_MEAN_INTER_LIST": 0.9931081316583835,
    "DIVERSITY_HERFINDAHL": 0.9986201790981507,
    "COVERAGE_ITEM": 0.8835939220436029,
    "COVERAGE_USER": 1.0,
    "DIVERSITY_GINI": 0.20051991194277008,
    "SHANNON_ENTROPY": 11.235378797375898
}