{
    "ROC_AUC": 0.0002867065251474582,
    "PRECISION": 0.00010472353288131424,
    "PRECISION_RECALL_MIN_DEN": 0.00010623230481306915,
    "RECALL": 2.361614942199358e-05,
    "MAP": 4.968398193202094e-05,
    "MRR": 0.00024201929223702205,
    "NDCG": 3.569239415082526e-05,
    "F1": 3.8364348868194133e-05,
    "HIT_RATE": 0.0005236176644065717,
    "ARHR": 0.00024328745560091942,
    "RMSE": 0.9793326748609459,
    "NOVELTY": 0.007548066843460205,
    "DIVERSITY_MEAN_INTER_LIST": 0.2836243843714381,
    "DIVERSITY_HERFINDAHL": 0.8567244633379696,
    "COVERAGE_ITEM": 0.32882624972473024,
    "COVERAGE_USER": 1.0,
    "DIVERSITY_GINI": 0.022540437108409403,
    "SHANNON_ENTROPY": 3.6783618394218123
}