{
    "ROC_AUC": 0.00047232921317069573,
    "PRECISION": 0.0001708117081830773,
    "PRECISION_RECALL_MIN_DEN": 0.00017258337782447068,
    "RECALL": 3.0138411595544548e-05,
    "MAP": 7.390080583228485e-05,
    "MRR": 0.00036156873325945873,
    "NDCG": 4.623153286880805e-05,
    "F1": 5.101335228164523e-05,
    "HIT_RATE": 0.0008540585409153853,
    "ARHR": 0.0003638575324788647,
    "RMSE": 1.0188651814633332,
    "NOVELTY": 0.007570509661995005,
    "DIVERSITY_MEAN_INTER_LIST": 0.3010385949951298,
    "DIVERSITY_HERFINDAHL": 0.8602072800902878,
    "COVERAGE_ITEM": 0.4363502899508185,
    "COVERAGE_USER": 1.0,
    "DIVERSITY_GINI": 0.02510864355033015,
    "SHANNON_ENTROPY": 3.7914266229634253
}